year,grid_import_capacity_[MWh],grid_export_capacity,P_wind,P_solar,wind_PPA,solar_PPA,grid_import_tariff,export_revenues,max_loads,min_loads,RES,RES_constraint,RES_grid_constraint,NH3_potential_3h,NH3_potential_2h,NH3_potential,excess_after_min,NH3_supplied_after_RES,H2_supplied_after_RES,min_loads_after_RES,excess_after_max,max_loads_after_RES,min_loads_after_RES_pot_curtailment,H2_min_required,H2_min_pot_curtailment,min_loads_supplied_after_RES,wind_prod_ratio,solar_prod_ratio,H2_shortfall,H2_SOC_target,H2_charging,H2_wind_charging,H2_solar_charging,H2_storage,H2_SOC_[%],RES_excess_after_H2,H2_discharge,min_loads_after_H2,excess_after_H2_charging,H2_SOC_target_remaining,BESS_shortfall,SOC_target,NH3_potential_inclu_SOCs_excess,NH3_target,RES_available,grid_import,grid_to_HB,grid_to_H2,NH3_target_after_grid,RES_BESS_charging,P_wind_BESS_charging,P_solar_BESS_charging,E_bat,SOC_[%],RES_excess,H2_SOC_excess,BESS_SOC_excess,SOCs_excess,BESS_discharge,RES_to_plant,RES_to_H2,RES_to_HB,BESS_to_H2,BESS_to_HB,grid_export,wind_grid_export,solar_grid_export,RES_excess_after_grid_export,H2_charging_after_grid_export,H2_wind_charging_after_grid_export,H2_solar_charging_after_grid_export,BESS_charging_after_grid_export,BESS_wind_charging_after_grid_export,BESS_solar_charging_after_grid_export,NH3_target_remainder,RES_final_curtailment,final_solar_curtailment,final_wind_curtailment,direct_solar,direct_wind,final_H2_prod_[MWh],final_NH3_prod_[MWh],final_H2_prod_[tonnes],final_NH3_prod_[tonnes],grey_H2_prod_[tonnes],green_H2_prod_[tonnes],green_NH3_prod_[tonnes],grey_NH3_prod_[tonnes],max_energy_deficit,min_energy_deficit,NH3_cf_[%],H2_cf_[%],trip_event,test_ramp_rates,shortfall_events,BESS_usable_energy,HB_loads,HB_checks,total_H2_charging,solar_transmission_losses,wind_transmission_losses,wind_cost,solar_cost,grid_import_cost,elec_feed_water_m3,elec_cooling_water_m3,HB_cooling_water_m3,waste_water_m3,total_water_m3,waste_water_energy_MWh,water_consumption_cost,solar_export_revenues,wind_export_revenues,total_grid_export_revenues,Electrolyser_SOH,gross_solar_NPV,solar_cost_NPV,PV_opex,final_solar_curtailment_NPV,total_solar_BESS_charging_NPV,total_solar_H2_charging_NPV,PV_variable_opex_NPV,direct_solar_NPV,gross_wind_NPV,wind_cost_NPV,wind_opex,final_wind_curtailment_NPV,total_wind_BESS_charging_NPV,total_wind_H2_charging_NPV,wind_variable_opex_NPV,direct_wind_NPV,BESS_opex,BESS_NPV,electrolyser_opex_NPV,H2_storage_opex_NPV,H2_discharge_storage_NPV,HB_opex_NPV,NH3_storage_opex_NPV,NH3_fixed_opex_NPV,process_plant_fixed_opex_NPV,water_cost_NPV,H2_water_cost_NPV,NH3_water_cost_NPV,grid_import_NPV,grid_import_cost_NPV,solar_grid_export_NPV,wind_grid_export_NPV,max_energy_deficit_NPV,min_energy_deficit_NPV,grid_OPEX_NPV,final_NH3_prod_NPV,max_loads_NPV,min_loads_NPV,final_H2_prod_[tonnes]_NPV,final_NH3_prod_[tonnes]_NPV,H2_pipeline_opex_NPV,H2O_pipeline_opex_NPV,BESS_aug_cost,elect_aug_cost,electrolyser_stack_replacment,HB_refurbishment,grid_fixed_opex
1,0.0,0.0,0.0,906117.1568627452,0.0,0.0,0.0,0.0,1838547.938974682,1332080.7801008555,906117.1568627452,906117.1568627452,906117.1568627452,906117.1568627448,906117.1568627451,844050.0816993462,441562.69810882944,37307.367444018986,868809.7894187262,664397.0205360252,0.0,2857054.440770391,664397.0205360252,623952.9086901033,623952.9086901033,464554.4587539158,0.0,4326.0,613893.8235294118,10672.38034934724,2933.4329780693515,0.0,2933.4329780693515,17513.52248556357,0.015309023151716412,903183.7238846758,96731.7151420444,222834.32242719567,464554.4587539158,27.916697252009612,0.0,123720.7100591716,11576100.803428462,1533581.8771665546,903183.7238846758,0.0,0.0,0.0,632079.3152964032,0.0,0.0,0.0,0.0,0.0,98412.87715656922,30059388.65907981,0.0,30181677.751392234,0.0,804770.8467281065,752118.3648840048,52652.48184410184,0.0,0.0,0.0,0.0,0.0,500.7898736271163,97912.0872829421,0.0,97912.0872829421,0.0,0.0,0.0,632079.3152964032,-32345.399602662168,-32345.399602662168,0.0,905616.366989118,0.0,852963.8851450161,901502.561870151,16240.74419544966,88804.48264879199,0.0,16162.415842080143,88804.48264879199,0.0,632079.3152964032,654639.512029328,695.6006526928686,48.67959623016871,5270.0,0.0,701.9198721607122,0.0,52652.48184410184,2120.422504040865,100845.52026101145,32846.18947628929,0.0,0.0,0.0,0.0,143243.363803866,0.0,522170.3579748969,682111.2562088858,1347524.9779876487,1500.6447636595487,1078019.982390119,0.0,0.0,0.0,396.0,906117.1568627452,0.0,22811844.518835,-32345.399602662168,0.0,100845.52026101145,375.38502258616296,905616.366989118,0.0,0.0,0.0,0.0,0.0,0.0,0.0,0.0,11.0,0.0,10608000.0,0.0,96731.7151420444,7830259.038580472,0.0,0.0,0.0,1078019.982390119,0.0,0.0,0.0,0.0,0.0,0.0,632079.3152964032,654639.512029328,0.02,901502.561870151,1838547.938974682,1332080.7801008555,16240.74419544966,88804.48264879199,0.02,0.02,0.0,0.0,0.0,0.0,0.0
2,0.0,0.0,0.0,901133.5125000002,0.0,0.0,0.0,0.0,1836534.626160357,1312013.6582348305,901133.5125000002,901133.5125000002,901133.5125000002,901133.5125000001,901133.5124999988,839407.8062499993,436993.94644970424,37303.398816568006,863830.1136834322,664811.9132396451,0.0,2862038.085133136,664811.9132396451,624363.8327662722,624363.8327662722,464139.5660502959,0.0,4326.0,614243.2875000001,10678.094269942301,1602.4897861890847,0.0,1602.4897861890847,11257.55990575319,0.009840524393140902,899531.022713811,79176.63050468356,223704.16167097367,464139.5660502959,3.1330927255055996,0.0,123720.7100591716,2392643.436609507,1538528.5298571014,899531.022713811,0.0,0.0,0.0,637632.2609765668,0.0,0.0,0.0,0.0,0.0,77811.38433796026,2630108.2488086456,0.0,2643832.7614927227,0.0,821719.6383758507,767991.090937738,53728.5474381128,0.0,0.0,0.0,0.0,0.0,252.71860530841303,77558.66573265185,0.0,77558.66573265185,0.0,0.0,0.0,637632.2609765668,-32421.714333877324,-32421.714333877324,0.0,900880.7938946917,0.0,847152.2464565788,900896.2688805343,15970.38462399197,87750.96898933523,0.0,15970.676356059013,87750.96898933525,0.0,637632.2609765668,631452.2652076611,695.1328361639555,48.34791955579151,5502.0,6.821210263296962e-13,731.916447894076,0.0,53728.5474381128,2272.9323093022235,79161.15551884094,32674.43293918574,0.0,0.0,0.0,0.0,140858.79238360916,0.0,515975.6976572912,670756.1542076627,1327590.6442485633,1475.6635392568583,1062072.5153988504,0.0,0.0,0.0,392.04,830537.7995391707,0.0,21340112.61439403,-29881.764363020575,0.0,72959.59033994556,349.33034294428967,830304.8791656145,0.0,0.0,0.0,0.0,0.0,0.0,0.0,0.0,10.29032258064516,0.0,9923612.903225806,0.0,72973.85299970835,7325081.036091408,0.0,0.0,0.0,978868.677786959,0.0,0.0,0.0,0.0,0.0,0.0,587679.503204209,581983.6545692729,0.018709677419354837,830319.1418253772,1692658.6416224488,1209229.178096618,14719.248501375088,80876.46911459469,0.018709677419354837,0.018709677419354837,0.0,0.0,0.0,0.0,0.0
3,0.0,0.0,0.0,896177.2781812501,0.0,0.0,0.0,0.0,1832490.0424534192,1308685.0995211124,896177.2781812501,896177.2781812501,896177.2781812501,896177.2781812504,896177.2781812497,834791.0633156251,432457.2080500741,37299.45201656801,858877.8261646822,665231.4091587649,0.0,2866994.319451886,665231.4091587649,624779.381885392,624779.381885392,463720.07013117603,0.0,4326.0,614594.9484937501,10683.844467067345,1629.7668962391465,0.0,1629.7668962391465,11256.31085254312,0.009839432563411816,894547.5112850111,80084.43264071688,228675.87097556645,463720.07013117603,3.3415181067446786,0.0,123720.7100591716,2378577.516079312,1533839.5947238936,894547.5112850111,0.0,0.0,0.0,637835.5956353648,0.0,0.0,0.0,0.0,0.0,78627.94483719926,2599441.568221933,0.0,2614079.088288528,0.0,815919.5664478118,763131.5031456735,52788.0633021382,0.0,0.0,0.0,0.0,0.0,188.70301630890435,78439.24182089035,0.0,78439.24182089035,0.0,0.0,0.0,637835.5956353648,-32308.29193785998,-32308.29193785998,0.0,895988.5751649413,0.0,843200.5118628031,896003.9990885287,15738.502106568914,86476.86811600378,0.0,15738.789997112688,86476.86811600377,0.0,637835.5956353648,631662.11359676,691.3579538681034,48.12238967371322,5505.0,0.0,731.916447894076,0.0,52788.0633021382,2266.935110440537,80069.0087171295,32496.994954168884,0.0,0.0,0.0,0.0,138813.58857993782,0.0,508483.9845221022,661017.0884758944,1308314.6615779344,1454.2375946469676,1046651.7292623474,0.0,0.0,0.0,388.1196,761262.5268587144,0.0,20190686.54666882,-27444.449394007075,0.0,68015.04276338806,325.018257843984,761102.2320838763,0.0,0.0,0.0,0.0,0.0,0.0,0.0,0.0,9.626430801248697,0.0,9283379.812695106,0.0,68028.14469682252,6852495.162795188,0.0,0.0,0.0,889083.8448574805,0.0,0.0,0.0,0.0,0.0,0.0,541812.8188199918,536568.7218643505,0.017502601456815814,761115.3340173108,1556618.3545655413,1111669.4765411136,13369.153820696056,73458.23280681584,0.017502601456815814,0.017502601456815814,0.0,0.0,0.0,0.0,0.0
4,0.0,0.0,0.0,891248.3031512534,0.0,0.0,0.0,0.0,1828417.1787295484,1305381.286669467,891248.3031512534,891248.3031512534,891248.3031512534,891248.3031512538,891248.303151253,830199.7124673893,427951.4447067258,37295.526923968006,853952.7762272854,665654.6208454133,0.0,2871923.294481883,665654.6208454133,625198.6684794405,625198.6684794405,463296.8584445276,0.0,4326.0,614947.1687625844,10689.604021000474,1656.932343538546,0.0,1656.932343538546,11255.01389764491,0.00983829886157772,889591.3708077148,80991.47953708166,233620.2699291506,463296.8584445276,3.55378834343634,0.0,123720.7100591716,2364460.4217410907,1529154.174845682,889591.3708077148,0.0,0.0,0.0,638032.746541042,0.0,0.0,0.0,0.0,0.0,79461.42204015689,2568524.1023472357,0.0,2584091.4721856588,0.0,810129.948767558,758265.75717167,51864.1915958879,0.0,0.0,0.0,0.0,0.0,142.24778093292127,79319.17425922396,0.0,79319.17425922396,0.0,0.0,0.0,638032.746541042,-32177.660963068367,-32177.660963068367,0.0,891106.0553703204,0.0,839241.8637744326,891121.4283046396,15509.517987583748,85218.69277705756,0.0,15509.802085424473,85218.69277705754,0.0,638032.746541042,631872.7055041253,687.590555340642,47.89646523082026,5523.0,1.3642420526593924e-12,731.916447894076,0.0,51864.1915958879,2261.279759508652,80976.1066027625,32319.908744001288,0.0,0.0,0.0,0.0,136793.94865048866,0.0,501085.9135290984,651399.7554785174,1289279.6176581043,1433.0794620527383,1031423.6941264835,0.0,0.0,0.0,384.238404,697765.5142497619,0.0,19100748.90968279,-25192.151356544568,0.0,63396.84963869282,302.3924787859983,697654.1473100858,0.0,0.0,0.0,0.0,0.0,0.0,0.0,0.0,9.005370749555233,0.0,8684452.08284381,0.0,63408.885233467925,6410398.700679369,0.0,0.0,0.0,807509.9630449634,0.0,0.0,0.0,0.0,0.0,0.0,499521.0043309827,494698.258316515,0.016373401362827698,697666.1829048609,1431482.6165372296,1021993.5808734513,12142.527235236385,66718.40471283866,0.016373401362827698,0.016373401362827698,0.0,0.0,0.0,0.0,0.0
5,0.0,0.0,0.0,886346.4374839215,0.0,0.0,0.0,0.0,1824332.1843418863,1302102.3876052815,886346.4374839215,886346.4374839215,886346.4374839215,886346.4374839222,886346.437483923,825633.6140488198,423473.788579516,37291.623419377305,849054.8140645442,666078.8303855354,0.0,2876825.1601492143,666078.8303855354,625618.9745149721,625618.9745149721,462872.64890440553,0.0,4326.0,615305.3170984468,10695.461174878688,1683.861559726032,0.0,1683.861559726032,11253.92068735626,0.009837343258178548,884662.5759241955,81870.20625337987,238537.50853080166,462872.64890440553,3.765103365016433,0.0,123720.7100591716,2350526.7460329025,1524490.7594070658,884662.5759241955,0.0,0.0,0.0,638237.5793834291,0.0,0.0,0.0,0.0,0.0,80279.60215393886,2538071.638534406,0.0,2554564.6738248607,0.0,804382.9737702566,753428.390956894,50954.58281336263,0.0,0.0,0.0,0.0,0.0,108.5796257724997,80171.02252816636,0.0,80171.02252816636,0.0,0.0,0.0,638237.5793834291,-32034.762369082677,-32034.762369082677,0.0,886237.857858149,0.0,835283.2750447863,886253.1800236364,15283.52645455586,83976.96049784719,0.0,15283.806810608188,83976.96049784719,0.0,638237.579383429,632091.2734589258,683.8342080766788,47.67054417559561,5531.0,9.094947017729282e-13,731.916447894076,0.0,50954.58281336263,2255.5461857648033,81854.8840878924,32143.341994855175,0.0,0.0,0.0,0.0,134800.70332918267,0.0,493784.5277273415,641908.1110913462,1270493.3421478702,1412.1978444009617,1016394.6737182962,0.0,0.0,0.0,380.39601996,639564.7962409109,0.0,18067408.06853401,-23115.460728164795,0.0,59064.379399557234,281.3378681863141,639486.447975158,0.0,0.0,0.0,0.0,0.0,0.0,0.0,0.0,8.424379088293605,0.0,8124164.851692596,0.0,59075.43548015229,5996824.590958119,0.0,0.0,0.0,733404.2592220395,0.0,0.0,0.0,0.0,0.0,0.0,460535.8245365088,456100.8082381435,0.015317052887806555,639497.504055753,1316391.1901834884,939563.5983798741,11028.199662536475,60595.61516623227,0.015317052887806555,0.015317052887806555,0.0,0.0,0.0,0.0,0.0
6,0.0,0.0,0.0,881471.5320777601,0.0,0.0,0.0,0.0,1820230.1181738027,1298858.1675252703,881471.5320777601,881471.5320777601,881471.5320777601,881471.5320777593,881471.532077759,821092.6291715495,419026.58740932937,37287.741384061854,844183.7906936982,666506.5346215103,0.0,2881700.0655553765,666506.5346215103,626042.7967156314,626042.7967156314,462444.94466843066,0.0,4326.0,615667.7766346177,10701.389352206075,1755.178061371808,0.0,1755.178061371808,11253.0627315726,0.0098365932968292,879716.3540163882,82768.29306162283,243427.73610245073,462444.94466843066,3.9861212061671933,0.0,123720.7100591716,2336877.3854008643,1519854.235746333,879716.3540163882,0.0,0.0,0.0,638451.4594975305,0.0,0.0,0.0,0.0,0.0,81081.87082920875,2508338.6240262934,0.0,2525799.827969909,0.0,798634.4831871794,748562.7090775748,50071.7741096046,0.0,0.0,0.0,0.0,0.0,84.02717061687298,80997.84365859188,0.0,80997.84365859188,0.0,0.0,0.0,638451.4594975305,-31883.395287155185,-31883.395287155185,0.0,881387.5049071432,0.0,831315.7307975385,881402.7762488022,15060.327369032499,82750.57158541164,0.0,15060.60402854492,82750.57158541164,0.0,638451.4594975305,632315.2521589167,680.0916296589321,47.444112019035416,5543.0,6.821210263296962e-13,731.916447894076,0.0,50071.7741096046,2250.110231939768,82753.0217199637,31967.422457772063,0.0,0.0,0.0,0.0,132832.08739486666,0.0,486573.3609222205,632533.7494993649,1251939.197816452,1391.574248898603,1001551.3582531618,0.0,0.0,0.0,376.5920597604,586218.6081673603,0.0,17087897.891967654,-21203.906114618654,0.0,55034.51835815042,261.7466232940816,586162.7262821097,0.0,0.0,0.0,0.0,0.0,0.0,0.0,0.0,7.880870760016597,0.0,7600025.183841461,0.0,55044.674494028295,5609932.681864047,0.0,0.0,0.0,666077.1469945823,0.0,0.0,0.0,0.0,0.0,0.0,424599.2211306551,420518.36452376103,0.014328855927302904,586172.8824179876,1210535.709423257,863799.679813486,10015.80179000064,55032.88890738013,0.014328855927302904,0.014328855927302904,0.0,0.0,0.0,0.0,0.0
7,0.0,0.0,0.0,876623.4386513323,0.0,0.0,0.0,0.0,1816102.3848747865,1295643.0597614348,876623.4386513323,876623.4386513323,876623.4386513323,876623.4386513329,876623.4386513327,816576.6197111071,414610.3940645897,37283.880699940644,839339.5579513918,666938.4347031983,0.0,2886548.1589818043,666938.4347031983,626470.8361131981,626470.8361131981,462013.0445867427,0.0,4326.0,616034.6068378359,10707.38952951279,1782.1926863010997,0.0,1782.1926863010997,11252.387014205366,0.009836002634794899,874841.2459650312,83591.70258886032,248291.10087053757,462013.0445867427,4.196845010682593,0.0,123720.7100591716,2323406.2068987903,1515304.225800247,874841.2459650312,0.0,0.0,0.0,638732.1313543844,0.0,0.0,0.0,0.0,0.0,81860.8541080294,2479088.543963154,0.0,2497472.823532449,0.0,792980.3918570019,743791.4839503906,49188.90790661126,0.0,0.0,0.0,0.0,0.0,66.56740096731215,81794.28670706209,0.0,81794.28670706209,0.0,0.0,0.0,638732.1313543844,-31725.650727284297,-31725.650727284297,0.0,876556.8712503649,0.0,827367.9633437538,876572.0944458621,14840.404563403661,81542.1847259384,0.0,14840.67762012079,81542.1847259384,0.0,638732.1313543846,632538.4403362924,676.3642687426126,47.21880854604233,5558.0,-9.094947017729282e-13,731.916447894076,0.0,49188.90790661126,2243.8697731539537,83576.47939336319,31792.218128251607,0.0,0.0,0.0,0.0,130892.36824922031,0.0,479468.04618851776,623296.9916629537,1233657.406100692,1371.2533816584987,986925.9248805536,0.0,0.0,0.0,372.826139162796,537322.0330160735,0.0,16159573.594298378,-19446.08185901186,0.0,51227.79273282626,243.51773791528163,537281.2308544574,0.0,0.0,0.0,0.0,0.0,0.0,0.0,0.0,7.372427485176816,0.0,7109700.978432333,0.0,51237.123715769296,5248001.541098624,0.0,0.0,0.0,604931.4004299716,0.0,0.0,0.0,0.0,0.0,0.0,391507.7241147482,387711.331612587,0.013404413609412394,537290.5618374004,1113171.0408149227,794158.052635731,9096.353119484267,49980.88180361803,0.013404413609412394,0.013404413609412394,0.0,0.0,0.0,0.0,0.0
8,0.0,0.0,0.0,871802.00973875,0.0,0.0,0.0,0.0,1811974.0112223474,1292436.3377321593,871802.00973875,871802.00973875,871802.00973875,871802.0097387499,871802.0097387495,812085.4483026953,410225.5704696493,37280.041249582086,834521.968489168,667375.0400208402,0.0,2891369.587894386,667375.0400208402,626903.6019804814,626903.6019804814,461576.4392691007,0.0,4326.0,616404.6619499656,10713.442873679523,1808.625740704697,0.0,1808.625740704697,11251.799091812,0.00983548871661888,869993.3839980453,84392.86019034595,253127.75297861695,461576.4392691007,4.4076091259465535,0.0,123720.7100591716,2310013.155642459,1510761.041346016,869993.3839980453,0.0,0.0,0.0,638994.3089884745,0.0,0.0,0.0,0.0,0.0,82619.51183084997,2449990.187131689,0.0,2469297.7189078983,0.0,787373.8721671954,739052.3809819114,48321.491185283914,0.0,0.0,0.0,0.0,0.0,50.448989704990936,82569.06284114497,0.0,82569.06284114497,0.0,0.0,0.0,638994.3089884745,-31567.48326544175,-31567.48326544175,0.0,871751.5607490451,0.0,823430.0695637611,871766.7323575412,14623.535656338012,80350.57743612438,0.0,14623.805093374634,80350.57743612437,0.0,638994.3089884745,632759.5695536078,672.6564445539299,46.99406857457831,5570.0,1.5916157281026244e-12,731.916447894076,0.0,48321.491185283914,2237.733492202394,84377.68858184967,31617.932255146745,0.0,0.0,0.0,0.0,128979.58448890128,0.0,472461.3953244113,614188.4975661965,1215629.477379509,1351.2146946456326,972503.5819036074,0.0,0.0,0.0,369.09787777116804,492503.9279580509,0.0,15279907.591471061,-17833.303124225476,0.0,47667.17969718284,226.55807191241774,492475.4279943967,0.0,0.0,0.0,0.0,0.0,0.0,0.0,0.0,6.896787002262183,0.0,6651010.592727021,0.0,47675.75053860599,4909420.796511617,0.0,0.0,0.0,549392.8996382212,0.0,0.0,0.0,0.0,0.0,0.0,360984.7231414062,357462.55454444804,0.012539612731385787,492483.9988358198,1023631.8658548805,730131.3438811104,8261.220633730047,45392.15849347204,0.012539612731385787,0.012539612731385787,0.0,0.0,0.0,0.0,0.0
9,0.0,0.0,0.0,867007.098685187,0.0,0.0,0.0,0.0,1807874.1617444172,1289233.3824036557,867007.098685187,867007.098685187,867007.098685187,867007.0986851868,867007.0986851864,807618.9783370306,405866.9896690422,37276.22291620051,829730.8757689865,667811.3702737961,0.0,2896164.498947949,667811.3702737961,627336.1139000559,627336.1139000559,461140.1090161448,0.0,4326.0,616774.7174358543,10719.496383815285,1833.3281453271727,0.0,1833.3281453271727,11251.16460852255,0.009834934098358873,865173.7705398598,85143.55233396067,257937.83564067635,461140.1090161448,4.624010041399817,0.0,123720.7100591716,2296590.4400065,1506250.8601062181,865173.7705398598,0.0,0.0,0.0,639264.8398011951,0.0,0.0,0.0,0.0,0.0,83331.30256879768,2420687.1778552313,0.0,2440942.6538415835,0.0,781842.467971062,734377.3358874016,47465.13208366051,0.0,0.0,0.0,0.0,0.0,36.16674023206559,83295.13582856562,0.0,83295.13582856562,0.0,0.0,0.0,639264.8398011951,-31408.37483290105,-31408.37483290105,0.0,866970.9319449549,0.0,819505.7998612945,866986.0203050228,14409.745942476255,79175.8859781549,0.0,14410.011248024188,79175.8859781549,0.0,639264.8398011951,632983.3446230886,668.9676403677611,46.77010614434964,5580.0,-4.547473508864641e-13,731.916447894076,0.0,47465.13208366051,2231.5167358267313,85128.46397389278,31444.541573133112,0.0,0.0,0.0,0.0,127093.95921264058,0.0,465554.2095515507,605209.3295840027,1197857.4983481942,1331.460525084806,958285.9986785552,0.0,0.0,0.0,365.40689899345637,451424.1072389693,0.0,14446485.386743007,-16353.381177929114,0.0,44323.790322267036,210.7791491511231,451405.27632230695,0.0,0.0,0.0,0.0,0.0,0.0,0.0,0.0,6.451833002116236,0.0,6221913.13513173,0.0,44331.64637037053,4592683.970930221,0.0,0.0,0.0,498950.2416867142,0.0,0.0,0.0,0.0,0.0,0.0,332845.67108406266,329575.0884588422,0.011730605458393155,451413.1323704104,941304.8413369549,671264.4331941851,7502.714461608642,41224.464824734954,0.011730605458393155,0.011730605458393155,0.0,0.0,0.0,506286982.2485207,0.0
10,0.0,0.0,0.0,862238.5596424185,0.0,0.0,0.0,0.0,1803784.6711361865,1286022.2265405995,862238.5596424185,862238.5596424185,862238.5596424185,862238.5596424174,862238.5596424191,803177.073956177,401536.0117017414,37272.321343528674,824966.23829889,668248.9313492638,0.0,2900933.0379907177,668248.9313492638,627769.7734028517,627769.7734028517,460702.54794067715,0.0,4326.0,617146.7440407736,10725.582451156006,1858.1967293510813,0.0,1858.1967293510813,11250.682049211884,0.009834512280779617,860380.3629130673,85833.55913137476,262721.4630435127,460702.54794067715,4.839380640482474,0.0,123720.7100591716,2283370.713407823,1501764.2747650223,860380.3629130673,0.0,0.0,0.0,639535.2683958323,0.0,0.0,0.0,0.0,0.0,83984.91567525217,2391907.0891289636,0.0,2413105.996024597,0.0,776395.4472378151,729771.8338247847,46623.61341303052,0.0,0.0,0.0,0.0,0.0,24.459719867758395,83960.45595538442,0.0,83960.45595538442,0.0,0.0,0.0,639535.2683958323,-31247.554266960535,-31247.554266960535,0.0,862214.0999225507,0.0,815590.4865095202,862229.00636919,14198.912073245618,78017.42629125694,0.0,14199.17158500876,78017.42629125694,0.0,639535.2683958323,633206.942741724,665.2971216819684,46.546654863001955,5591.0,2.7284841053187847e-12,731.916447894076,0.0,46623.61341303052,2225.23872009667,85818.6526847355,31272.013986828293,0.0,0.0,0.0,0.0,125234.40448602634,0.0,458742.4665925907,596354.307076316,1180331.178154933,1311.9794755678952,944264.9425239465,0.0,0.0,0.0,361.7528300035218,413770.76004530414,0.0,13657001.499413906,-14995.066196017846,0.0,41182.62718632432,196.09861900638174,413759.0223228757,0.0,0.0,0.0,0.0,0.0,0.0,0.0,0.0,6.035585711657123,0.0,5820499.384478069,0.0,41189.78048709767,4296381.779257303,0.0,0.0,0.0,453133.55402975826,0.0,0.0,0.0,0.0,0.0,0.0,306899.9769503035,303863.14209012216,0.01097379220301295,413766.1756236491,865599.6023230639,617135.9285202166,6813.7693155357865,37438.977197562774,0.01097379220301295,0.01097379220301295,0.0,0.0,0.0,0.0,0.0
11,0.0,0.0,0.0,857496.2475643852,0.0,0.0,0.0,0.0,1799728.3799625728,1282798.0277048864,857496.2475643852,857496.2475643852,857496.2475643852,857496.2475643845,857496.2475643842,798759.6000494175,397233.480104615,37268.15493708601,820228.0926272993,668688.7118301707,0.0,2905675.350068751,668688.7118301707,628205.3874773158,628205.3874773158,460262.76745977026,0.0,4326.0,617521.6107697774,10731.715358211537,1882.926448560599,0.0,1882.926448560599,11250.341505303033,0.009834214602537618,855613.3211158245,86456.97087857097,267478.68156818516,460262.76745977026,5.052917912259186,0.0,123720.7100591716,2270319.4325670833,1497313.8448346732,855613.3211158245,0.0,0.0,0.0,639818.9115821221,0.0,0.0,0.0,0.0,0.0,84575.35874184482,2363543.951707865,0.0,2385678.2586225164,0.0,771037.9623739799,725240.6162169405,45797.34615703944,0.0,0.0,0.0,0.0,0.0,16.14246549858774,84559.21627634623,0.0,84559.21627634623,0.0,0.0,0.0,639818.9115821221,-31084.17222720717,-31084.17222720717,0.0,857480.1050988865,0.0,811682.7589418472,857494.9332525509,13990.971306535865,76874.87307329683,0.0,13991.22689934002,76874.87307329683,0.0,639818.9115821221,633428.4248495393,661.6443041647351,46.32363651077772,5604.0,2.7284841053187847e-12,731.916447894076,0.0,45797.34615703944,2219.3708753371125,86442.14272490682,31100.31469270576,0.0,0.0,0.0,0.0,123400.36692364633,0.0,452024.2536709853,587620.7948745063,1163045.415469138,1292.765748723914,930436.3323753104,0.0,0.0,0.0,358.13530170348656,379258.0837465945,0.0,12909255.448174128,-13748.07601458866,0.0,38232.09897176396,182.4398771556836,379250.9441695417,0.0,0.0,0.0,0.0,0.0,0.0,0.0,0.0,5.646193085098599,0.0,5444983.295156904,0.0,38238.657247861534,4019195.858014897,0.0,0.0,0.0,411518.41943002085,0.0,0.0,0.0,0.0,0.0,0.0,282982.57285755355,280156.1537807454,0.01026580560927018,379257.50244563934,795993.6134854258,567362.8580919665,6188.002551080509,34000.63514313174,0.01026580560927018,0.01026580560927018,0.0,0.0,0.0,0.0,0.0
12,0.0,0.0,0.0,852780.0182027811,0.0,0.0,0.0,0.0,1795182.104503454,1279914.8262056382,852780.0182027811,852780.0182027811,852780.0182027811,852780.0182027814,852780.018202782,794366.4222491471,392959.7525850748,37264.01144587879,815516.0067569023,669131.2136722347,0.0,2910391.5794303548,669131.2136722347,628643.7458281725,628643.7458281725,459820.26561770635,0.0,4326.0,617899.3007971873,10737.894827557542,1903.131214077379,0.0,1903.131214077379,11250.363979355932,0.009834234247688754,850876.8869887036,87115.45474152223,272209.7390834534,459820.26561770635,5.2593256576433935,0.0,123720.7100591716,2257751.841459502,1493456.3829874864,850876.8869887036,0.0,0.0,0.0,640651.9395108033,0.0,0.0,0.0,0.0,0.0,85187.8982535431,2336567.082374871,0.0,2359605.558418178,0.0,765688.9887351606,715322.1993625796,50366.78937258095,0.0,0.0,0.0,0.0,0.0,3.037119941512003,85184.86113360159,0.0,85184.86113360159,0.0,0.0,0.0,640651.9395108033,-30926.697945239226,-30926.697945239226,0.0,852776.9810828395,0.0,802410.1917102586,852804.4434766828,15430.965225197282,84788.42498986707,0.0,15431.493348155806,84788.42498986708,0.0,640651.9395108033,633750.646503895,658.0251156149272,45.79444080072244,5624.0,2.0463630789890885e-12,731.916447894076,0.0,50366.78937258095,2214.9963446029915,87087.99234767896,30929.735065180743,0.0,0.0,0.0,0.0,136101.11328624003,0.0,498555.93894041836,648100.5394582858,1282757.5916849442,1425.821186808229,1026206.0733479554,0.0,0.0,0.0,400.0,347624.1145492979,0.0,12201147.798969809,-12606.84556353072,0.0,35500.2293458278,169.73347067347112,347622.8765088796,0.0,0.0,0.0,0.0,0.0,0.0,0.0,0.0,5.281922563479333,0.0,5093694.050308071,0.0,35511.424015190816,3759892.89943329,0.0,0.0,0.0,418318.87471344066,0.0,0.0,0.0,0.0,0.0,0.0,261153.00365044022,258339.78591601475,0.009603495569962426,347634.0711782426,731781.439776145,521739.7789126604,6290.221989904405,34562.842153887585,0.009603495569962426,0.009603495569962426,0.0,58683111.17866441,58683111.17866441,0.0,0.0
13,0.0,0.0,0.0,848089.728102666,0.0,0.0,0.0,0.0,1791213.5436859487,1276697.6328315379,848089.728102666,848089.728102666,848089.728102666,848089.7281026671,848089.7281026654,789997.4069267767,388717.31502260367,37259.8907438732,810829.8373587928,669579.0662098787,0.0,2915081.8695304706,669579.0662098787,629087.4776638111,629087.4776638111,459372.41308006225,0.0,4326.0,618280.2074356403,10744.12732300465,1940.9794866733737,0.0,1940.9794866733737,11250.369764481402,0.009834239304616611,846148.7486159926,87621.45623319306,276927.4915774118,459372.41308006225,5.56053739557425,0.0,123720.7100591716,2245249.215871531,1489039.7011565834,846148.7486159926,0.0,0.0,0.0,640938.8560772366,0.0,0.0,0.0,0.0,0.0,85669.35976983892,2309284.8601923743,0.0,2333642.794253687,0.0,760479.3888461537,710986.7029859356,49492.68586021807,0.0,0.0,0.0,0.0,0.0,1.494215422736545,85667.86555441617,0.0,85667.86555441617,0.0,0.0,0.0,640938.8560772366,-30758.18266131668,-30758.18266131668,0.0,848088.2338872432,0.0,798595.5480270251,848100.8450793467,15205.551181017234,83548.3038611276,0.0,15205.791302725222,83548.3038611276,0.0,640938.8560772366,633972.9718109331,654.3958124342408,45.576734849162484,5641.0,-1.3642420526593924e-12,731.916447894076,0.0,49492.68586021807,2209.1687227443804,87608.84504108955,30759.676876739417,0.0,0.0,0.0,0.0,134112.961416572,0.0,491264.0267034302,638633.1496027238,1264010.1377227262,1404.9929291259925,1011208.1101781809,0.0,0.0,0.0,396.0,318628.7390961077,0.0,11478809.92464583,-11555.901024987652,0.0,32914.79062192983,157.9099022665075,318628.177716857,0.0,0.0,0.0,0.0,0.0,0.0,0.0,0.0,4.941153365835506,0.0,4765068.627707549,0.0,32919.528668041334,3517319.1639859807,0.0,0.0,0.0,379912.589945704,0.0,0.0,0.0,0.0,0.0,0.0,240801.8076182493,238184.71316831745,0.00898391521061001,318632.9157629685,672961.9449033515,479657.45071122225,5712.751186018783,31389.238462356363,0.00898391521061001,0.00898391521061001,0.0,0.0,0.0,0.0,0.0
14,0.0,0.0,0.0,843425.2345981013,0.0,0.0,0.0,0.0,1787279.1116475894,1273495.0504584133,843425.2345981013,843425.2345981013,843425.2345981013,843425.2345981009,843425.2345981002,785652.4211886784,384504.02929277817,37255.792705728636,806169.4418923727,670030.273984618,0.0,2919746.3630350344,670030.273984618,629534.5874004058,629534.5874004058,458921.205305323,0.0,4326.0,618663.2841537195,10750.395642400455,1963.9184887323975,0.0,1963.9184887323975,11250.410120569954,0.00983427458091779,841461.3161093689,88088.09103157325,281604.59627408,458921.205305323,5.762615946910305,0.0,123720.7100591716,2232627.324946334,1484667.7870670136,841461.3161093689,0.0,0.0,0.0,641229.981986966,0.0,0.0,0.0,0.0,0.0,86111.60206089479,2281997.182953296,0.0,2307240.3221087367,0.0,755349.714048474,706709.6602167344,48640.053831739584,0.0,0.0,0.0,0.0,0.0,0.0,86111.60206089479,0.0,86111.60206089479,0.0,0.0,0.0,641229.981986966,-30590.55255019023,-30590.55255019023,0.0,843425.2345981013,0.0,794785.1807663616,843437.8050800473,14983.168708315958,82326.40486329468,0.0,14983.40568511963,82326.40486329468,0.0,641229.981986966,634195.9825968575,650.7978041708847,45.359272957788015,5662.0,2.9558577807620168e-12,731.916447894076,0.0,48640.053831739584,2203.596988396041,88075.5205496272,30590.55255019023,0.0,0.0,0.0,0.0,132151.54800734675,0.0,484079.2605961726,629293.0857492702,1245523.8943527895,1384.4447886483947,996419.1154822317,0.0,0.0,0.0,392.04,292051.8719180453,0.0,10798891.722767528,-10592.554940032738,0.0,30497.807738621796,146.9099535546901,292051.8719180453,0.0,0.0,0.0,0.0,0.0,0.0,0.0,0.0,4.622369277717086,0.0,4457644.845274804,0.0,30502.160504738655,3290395.346954627,0.0,0.0,0.0,345028.88454621035,0.0,0.0,0.0,0.0,0.0,0.0,222037.95770766167,219602.3029457663,0.008404307777667428,292056.22468416207,618879.0526826318,440971.64527211594,5188.2043470191975,28507.068157695125,0.008404307777667428,0.008404307777667428,0.0,0.0,0.0,0.0,0.0
15,0.0,0.0,0.0,838786.3958078118,0.0,0.0,0.0,0.0,1783334.6174160177,1270302.323689114,838786.3958078118,838786.3958078118,838786.3958078118,838786.3958078116,838786.3958078136,781331.3328721422,380318.98900302156,37251.71720679387,801534.678601018,670484.0724851507,0.0,2924385.2018253244,670484.0724851507,629984.3104020038,629984.3104020038,458467.4068047902,0.0,4326.0,619050.0024446854,10756.72397105914,1986.7520719215743,0.0,1986.7520719215743,11250.451163794898,0.009834310457862674,836799.6437358902,88532.70599597742,286256.0055463156,458467.4068047902,5.965212917073161,0.0,123720.7100591716,2219946.912365706,1480305.369445814,836799.6437358902,0.0,0.0,0.0,641506.4482370331,0.0,0.0,0.0,0.0,0.0,86533.42852308672,2254449.678600992,0.0,2280580.293784231,0.0,750266.2152128033,702451.8307127276,47814.384500075816,0.0,0.0,0.0,0.0,0.0,0.0,86533.42852308672,0.0,86533.42852308672,0.0,0.0,0.0,641506.4482370331,-30422.304511164177,-30422.304511164177,0.0,838786.3958078118,0.0,790972.0113077359,838798.9212087808,14763.646951188495,81120.22384748323,0.0,14763.880740241948,81120.22384748323,0.0,641506.4482370331,634419.3983223008,647.2184348101083,45.14165114186371,5677.0,4.547473508864641e-13,731.916447894076,0.0,47814.384500075816,2198.9145696303576,88520.18059500829,30422.304511164177,0.0,0.0,0.0,0.0,130215.36610948255,0.0,476986.9162232014,620073.1719499168,1227275.4542826007,1364.160978289817,981820.3634260807,0.0,0.0,0.0,388.1196,267691.78490552626,0.0,10158926.29647125,-9709.028468076089,0.0,28250.48816011879,136.67601662884,267691.78490552626,0.0,0.0,0.0,0.0,0.0,0.0,0.0,0.0,4.324151904961144,0.0,4170054.855257074,0.0,28254.485538901805,3078111.7761833603,0.0,0.0,0.0,313339.9001887726,0.0,0.0,0.0,0.0,0.0,0.0,204731.51092488985,202469.73718741504,0.007862094372656626,267695.7822843093,569136.5873431368,405406.5470035245,4711.696593830085,25888.85277848993,0.007862094372656626,0.007862094372656626,0.0,0.0,0.0,0.0,0.0
16,0.0,0.0,0.0,834173.0706308688,0.0,0.0,0.0,0.0,1779398.6195513993,1267120.1911073897,834173.0706308688,834173.0706308688,834173.0706308688,834173.0706308685,834173.0706308678,777034.010541344,376162.08328841144,37247.664123103255,796925.4065077655,670940.4919474835,0.0,2928998.5270022675,670940.4919474835,630436.676780646,630436.676780646,458010.98734245735,0.0,4326.0,619440.7195706023,10763.118180261004,2009.4242800205814,0.0,2009.4242800205814,11250.57301139412,0.009834416968001854,832163.6463508483,88946.21755786099,290881.8561242276,458010.98734245735,6.166851594784533,0.0,123720.7100591716,2207315.354733149,1475984.77021002,832163.6463508483,0.0,0.0,0.0,641799.2121877302,0.0,0.0,0.0,0.0,0.0,86924.30588641948,2226967.581368606,0.0,2253981.4747795598,0.0,745239.3404644288,698247.3619217302,46991.97854269859,0.0,0.0,0.0,0.0,0.0,0.0,86924.30588641948,0.0,86924.30588641948,0.0,0.0,0.0,641799.2121877302,-30254.98183635278,-30254.98183635278,0.0,834173.0706308688,0.0,787181.0920881701,834185.5580222898,14547.414558562486,79932.1172002281,0.0,14547.645330441512,79932.11720022811,0.0,641799.2121877301,634642.5876478666,643.6587572458257,44.92529917179375,5697.0,2.7284841053187847e-12,731.916447894076,0.0,46991.97854269859,2193.41669834793,88933.73016644004,30254.98183635278,0.0,0.0,0.0,0.0,128308.19640652115,0.0,470000.8491373412,610991.4114596244,1209300.4570034868,1344.1811052111739,967440.3656027894,0.0,0.0,0.0,384.238404,245363.57611847547,0.0,9556588.493452465,-8899.197061291865,0.0,26158.957702495005,127.15498895432451,245363.57611847547,0.0,0.0,0.0,0.0,0.0,0.0,0.0,0.0,4.045174362705587,0.0,3901019.058143715,0.0,26162.63074244715,2879523.9196554017,0.0,0.0,0.0,284562.8037430458,0.0,0.0,0.0,0.0,0.0,0.0,188778.7503536971,186673.70159120212,0.007354862477646521,245367.24915842764,523392.11610273895,372710.59496910364,4278.97493342406,23511.224245271515,0.007354862477646521,0.007354862477646521,0.0,0.0,0.0,0.0,0.0
17,0.0,0.0,0.0,829585.1187423992,0.0,0.0,0.0,0.0,1775451.6654892026,1263970.072667743,829585.1187423992,829585.1187423992,829585.1187423992,829585.1187423989,829585.1187423979,772760.3234833666,372031.7495217816,37243.633331372934,792341.4854110263,671398.1100693234,0.0,2933586.4788907366,671398.1100693234,630890.2641107555,630890.2641107555,457553.3692206176,0.0,4326.0,619835.0179064249,10769.571404874658,2032.0017790968454,0.0,2032.0017790968454,11250.829932026705,0.009834641548974395,827553.1169633023,89334.11928578619,295482.29540411825,457553.3692206176,6.367613883299629,0.0,123720.7100591716,2194817.9227610067,1471703.6233021454,827553.1169633023,0.0,0.0,0.0,642106.0554742992,0.0,0.0,0.0,0.0,0.0,87289.6684212425,2199818.6876423038,0.0,2227712.020258098,0.0,740263.4485420597,694100.6158582148,46162.832683844965,0.0,0.0,0.0,0.0,0.0,0.0,87289.6684212425,0.0,87289.6684212425,0.0,0.0,0.0,642106.0554742992,-30088.57943625285,-30088.57943625285,0.0,829585.1187423992,0.0,783422.2860585542,829597.5678278459,14334.604309445254,78762.81371183411,0.0,14334.832095553807,78762.81371183408,0.0,642106.0554742992,634856.7218793596,640.1186575181188,44.710779937139264,5709.0,-1.1368683772161603e-12,731.916447894076,0.0,46162.832683844965,2186.8631913520726,89321.67020033936,30088.57943625285,0.0,0.0,0.0,0.0,126431.21000930713,0.0,463125.34462558455,602053.3809967006,1191609.9356315923,1324.5174381927416,953287.948505274,0.0,0.0,0.0,380.39601996,224897.76631320175,0.0,8989686.884386275,-8156.913804105771,0.0,24214.807688297686,118.29720835281277,224897.76631320175,0.0,0.0,0.0,0.0,0.0,0.0,0.0,0.0,3.78419537156329,0.0,3649340.409231216,0.0,24218.182593954,2693748.1829034397,0.0,0.0,0.0,258433.19199979916,0.0,0.0,0.0,0.0,0.0,0.0,174072.815856756,172107.54563200474,0.006880355221024164,224901.14121885804,481319.040981452,342658.08246492874,3886.0635483251563,21352.336815283074,0.006880355221024164,0.006880355221024164,0.0,0.0,0.0,0.0,0.0
18,0.0,0.0,0.0,825022.4005893159,0.0,0.0,0.0,0.0,1771486.448568688,1260829.3158222577,825022.4005893159,825022.4005893159,825022.4005893159,825022.4005893152,825022.4005893159,768510.1417042085,367928.8828162038,37239.62470899712,787782.7758803188,671857.9615168287,0.0,2938149.1970438203,671857.9615168287,631346.106935885,631346.106935885,457093.5177731122,0.0,4326.0,620230.0000031923,10776.036020197525,2055.98487559841,0.0,2055.98487559841,11251.206450779537,0.009834970673758336,822966.4157137177,89679.17808795124,300057.4626426482,457093.5177731122,6.56757209158238,0.0,123720.7100591716,2182504.5023068897,1467468.0551259203,822966.4157137177,0.0,0.0,0.0,642433.2444933451,0.0,0.0,0.0,0.0,0.0,87610.78316909383,2173143.829392789,0.0,2201913.0789399655,0.0,735355.6325446237,690000.5977738058,45355.034770817976,0.0,0.0,0.0,0.0,0.0,0.0,87610.78316909383,0.0,87610.78316909383,0.0,0.0,0.0,642433.2444933451,-29923.092249353456,-29923.092249353456,0.0,825022.4005893159,0.0,779667.365818498,825034.810632575,14124.652443317587,77609.21575175782,0.0,14124.877266819924,77609.21575175783,0.0,642433.2444933451,635067.7007672286,636.5980276082877,44.49648246881052,5721.0,2.2737367544323206e-12,731.916447894076,0.0,45355.034770817976,2180.648613615047,89666.76804469223,29923.092249353456,0.0,0.0,0.0,0.0,124579.43455006112,0.0,456342.18862033595,593235.4026193387,1174157.0257897358,1305.1178857625455,939325.6206317887,0.0,0.0,0.0,376.5920597604,206139.0125331605,0.0,8456156.186402703,-7476.544496021373,0.0,22404.020798186528,110.05647217739667,206139.0125331605,0.0,0.0,0.0,0.0,0.0,0.0,0.0,0.0,3.5400537346882386,0.0,3413899.0925066215,0.0,22407.121555282425,2519957.9775548307,0.0,0.0,0.0,234698.66484331022,0.0,0.0,0.0,0.0,0.0,0.0,160517.52600139962,158677.18092787563,0.006436461335796798,206142.1132902564,442621.27545019507,315029.1555123944,3529.167092868977,19391.336631723865,0.006436461335796798,0.006436461335796798,0.0,0.0,0.0,506286982.2485207,0.0
19,0.0,0.0,0.0,820484.7773860747,0.0,0.0,0.0,0.0,1767511.3821587123,1257692.0361955282,820484.7773860747,820484.7773860747,820484.7773860747,820484.7773860748,820484.7773860756,764283.335924836,363852.84552237176,37235.638134044384,783249.1392520304,672319.5474262381,0.0,2942686.8202470616,672319.5474262381,631803.7062703416,631803.7062703416,456631.93186370295,0.0,4326.0,620628.6025871781,10782.560294835357,2084.059738772953,0.0,2084.059738772953,11251.675377012769,0.009835380574311863,818400.7176473017,89994.79426045844,304607.4958891484,456631.93186370295,6.768312510935804,0.0,123720.7100591716,2170268.358453564,1463234.340871663,818400.7176473017,0.0,0.0,0.0,642737.1921041583,0.0,0.0,0.0,0.0,0.0,87898.36314025571,2146612.4572137073,0.0,2176261.050167862,0.0,730502.354507046,685930.3279886082,44572.02651843784,0.0,0.0,0.0,0.0,0.0,0.0,87898.36314025571,0.0,87898.36314025571,0.0,0.0,0.0,642737.1921041583,-29758.51524198201,-29758.51524198201,0.0,820484.7773860747,0.0,775912.7508676369,820497.1487675045,13917.45830022547,76470.7703531853,0.0,13917.680204279724,76470.7703531853,0.0,642737.1921041583,635279.233543345,633.0967612907579,44.2822024236752,5727.0,1.5916157281026244e-12,731.916447894076,0.0,44572.02651843784,2175.393461292272,89982.42287902866,29758.51524198201,0.0,0.0,0.0,0.0,122751.98220798865,0.0,449648.12967672956,584533.2486094697,1156933.3604941878,1285.9731469408334,925546.6883953505,0.0,0.0,0.0,372.826139162796,188944.92899928856,0.0,7954050.107578775,-6852.924885984567,0.0,20721.5575116782,102.38979631716802,188944.92899928856,0.0,0.0,0.0,0.0,0.0,0.0,0.0,0.0,3.3116631711599647,0.0,3193647.538151355,0.0,20724.406449099464,2357380.043519035,0.0,0.0,0.0,213139.0589372246,0.0,0.0,0.0,0.0,0.0,0.0,148012.4147022151,146294.9624232809,0.00602120576574539,188947.77793670984,407030.4797992226,289626.9852062315,3204.9749646352075,17610.033328022015,0.00602120576574539,0.00602120576574539,0.0,0.0,0.0,0.0,0.0
20,0.0,0.0,0.0,815972.1111104514,0.0,0.0,0.0,0.0,1763537.15821999,1254548.937012118,815972.1111104514,815972.1111104514,815972.1111104514,815972.1111104507,815972.1111104519,760079.777577249,359801.1795648362,37231.39051924458,778740.7205912069,672780.547744326,0.0,2947199.486522685,672780.547744326,632260.4589736295,632260.4589736295,456170.93154561514,0.0,4326.0,621030.9473480019,10789.146228105268,2114.272276077916,0.0,2114.272276077916,11252.161758190277,0.009835805732683809,813857.8388343734,90264.70180633423,309132.5335462015,456170.93154561514,6.9748554571403325,0.0,123720.7100591716,2158003.211158413,1459033.480827876,813857.8388343734,0.0,0.0,0.0,643049.0372085146,0.0,0.0,0.0,0.0,0.0,88138.09702134655,2119887.4833319024,0.0,2150440.837661905,0.0,725719.7418130268,681932.6751885336,43787.0666244933,0.0,0.0,0.0,0.0,0.0,0.0,88138.09702134655,0.0,88138.09702134655,0.0,0.0,0.0,643049.0372085146,-29594.84340815111,-29594.84340815111,0.0,815972.1111104514,0.0,772185.0444859581,815984.4436193611,13713.460254510388,75349.88610519965,0.0,13713.679271146335,75349.88610519965,0.0,643049.0372085146,635492.1967400917,629.6147516113324,44.069458080467875,5736.0,-2.2737367544323206e-13,731.916447894076,0.0,43787.0666244933,2169.1816108908724,90252.36929742446,29594.84340815111,0.0,0.0,0.0,0.0,120952.71944478163,0.0,443057.33029857394,575965.3306894363,1139975.380432792,1267.12372751676,911980.3043462335,0.0,0.0,0.0,369.09787777116804,173185.0063500392,0.0,7481534.589658654,-6281.321473835625,0.0,19155.504136788797,95.25719098984789,173185.0063500392,0.0,0.0,0.0,0.0,0.0,0.0,0.0,0.0,3.0980074826980317,0.0,2987605.761496429,0.0,19158.121635113515,2205291.008453291,0.0,0.0,0.0,193562.14832437324,0.0,0.0,0.0,0.0,0.0,0.0,136483.15925992286,134879.26686373664,0.005632740877632785,173187.62384836393,374299.7950373786,266270.21029823984,2910.5966600087786,15992.544752350408,0.005632740877632785,0.005632740877632785,0.0,0.0,0.0,0.0,0.0
21,0.0,0.0,0.0,811484.2644993439,0.0,0.0,0.0,0.0,1759566.58833785,1251408.938542459,811484.2644993439,811484.2644993439,811484.2644993439,811484.2644993443,811484.2644993449,755899.3388005749,355773.311413996,37227.1563329272,774257.1081664168,673240.526204593,0.0,2951687.333133792,673240.526204593,632716.2032475794,632716.2032475794,455710.95308534795,0.0,4326.0,621437.6718015712,10795.804297697327,2144.551294543842,0.0,2144.551294543842,11252.737624954303,0.009836309112722293,809339.7132048,90470.52304261806,313632.7126662187,455710.95308534795,7.18174488861642,0.0,123720.7100591716,2145790.8517144714,1454854.6644370374,809339.7132048,0.0,0.0,0.0,643358.1065056082,0.0,0.0,0.0,0.0,0.0,88313.67831598909,2093238.5402753504,0.0,2124698.173759935,0.0,721026.034888811,678019.4000672919,43006.63482151908,0.0,0.0,0.0,0.0,0.0,0.0,88313.67831598909,0.0,88313.67831598909,0.0,0.0,0.0,643358.1065056082,-29432.07176940628,-29432.07176940628,0.0,811484.2644993439,0.0,768477.6296778249,811496.557931429,13512.494247152452,74245.66158352276,0.0,13512.710408201143,74245.66158352276,0.0,643358.1065056082,635706.4445975387,626.1518926625341,43.857871799898696,5738.0,-2.7284841053187847e-12,731.916447894076,0.0,43006.63482151908,2162.5712879378793,90458.22961053293,29432.07176940628,0.0,0.0,0.0,0.0,119180.1992598846,0.0,436564.4901111138,567524.7583804029,1123269.4477514012,1248.5544684368865,898615.5582011212,0.0,0.0,0.0,365.40689899345637,158739.62102775485,0.0,7036881.427401153,-5757.395581317538,0.0,17695.112173341764,88.62145215299059,158739.62102775485,0.0,0.0,0.0,0.0,0.0,0.0,0.0,0.0,2.8981360322013843,0.0,2794857.0026902077,0.0,17697.516970126737,2063014.1691982397,0.0,0.0,0.0,175783.9300143394,0.0,0.0,0.0,0.0,0.0,0.0,125851.38921312595,124354.59874576077,0.005269338240366153,158742.0258245398,344200.061079651,244796.09691203752,2643.2653222870126,14523.668169948682,0.005269338240366153,0.005269338240366153,0.0,0.0,0.0,0.0,0.0
22,0.0,0.0,0.0,807021.1010445977,0.0,0.0,0.0,0.0,1755612.2144063711,1248290.2385482544,807021.1010445977,807021.1010445977,807021.1010445977,807021.1010445969,807021.1010445987,751741.8924371714,351770.32087985874,37222.94543463457,769798.1556099631,673700.6991252021,0.0,2956150.4965885384,673700.6991252021,633172.165269896,633172.165269896,455250.7801647388,0.0,4326.0,621843.8951678686,10802.45427994636,2190.9087121238126,0.0,2190.9087121238126,11253.352209748065,0.009836846337192366,804830.1923324737,90628.89152589146,318108.1695530502,455250.7801647388,7.400041970260356,0.0,123720.7100591716,2133689.368186459,1450682.1696361734,804830.1923324737,0.0,0.0,0.0,643648.8144343162,0.0,0.0,0.0,0.0,0.0,88425.72865650823,2066794.6603488128,0.0,2099210.544199539,0.0,716404.4636759656,674149.2425081027,42255.22116786288,0.0,0.0,0.0,0.0,0.0,0.0,88425.72865650823,0.0,88425.72865650823,0.0,0.0,0.0,643648.8144343162,-29270.19537467455,-29270.19537467455,0.0,807021.1010445977,0.0,764765.8798767347,807033.3552018569,13314.087970129016,73155.50168801952,0.0,13314.301307219552,73155.50168801952,0.0,643648.8144343162,635919.8440704936,622.7080791193418,43.646038116467,5746.0,3.637978807091713e-12,731.916447894076,0.0,42255.22116786288,2157.0749142733143,90616.63736863204,29270.19537467455,0.0,0.0,0.0,0.0,117430.25589653794,0.0,430154.34992555476,559191.6947454188,1106776.3005675115,1230.2217284399212,885421.0404540093,0.0,0.0,0.0,361.7528300035218,145499.12729226012,0.0,6618462.244083607,-5277.170419926537,0.0,16337.418734440944,82.44796744575241,145499.12729226012,0.0,0.0,0.0,0.0,0.0,0.0,0.0,0.0,2.7111595139948435,0.0,2614543.647677936,0.0,16339.628056086487,1929916.4808628694,0.0,0.0,0.0,159633.97797840726,0.0,0.0,0.0,0.0,0.0,0.0,116044.47598912977,114651.0075391124,0.004929380934536079,145501.33661390562,316522.1389243986,225056.2470809313,2400.418251565764,13189.322606877027,0.004929380934536079,0.004929380934536079,0.0,0.0,0.0,0.0,0.0
23,0.0,0.0,0.0,802582.4849888523,0.0,0.0,0.0,0.0,1751691.1689050635,1245187.7809872793,802582.4849888523,802582.4849888523,802582.4849888523,802582.4849888524,802582.4849888519,747607.3120287666,347792.4277688776,37218.757696282526,765363.7272925697,674161.4220699662,0.0,2960589.112644284,674161.4220699662,633628.7004763079,633628.7004763079,454790.0572199747,0.0,4326.0,622251.5092528305,10809.127268664304,2214.616612002766,0.0,2214.616612002766,11254.11318444393,0.009837511524863576,800367.8683768496,90705.8305837228,322559.03976605483,454790.0572199747,7.604164319424264,0.0,123720.7100591716,2121773.574757594,1446599.8044718949,800367.8683768496,0.0,0.0,0.0,644006.6438720648,0.0,0.0,0.0,0.0,0.0,88480.53836074258,2040891.2935689036,0.0,2074201.3353701415,0.0,711887.3300161071,670409.4528618492,41477.87715425772,0.0,0.0,0.0,0.0,0.0,0.0,88480.53836074258,0.0,88480.53836074258,0.0,0.0,0.0,644006.6438720648,-29109.209300113842,-29109.209300113842,0.0,802582.4849888523,0.0,761104.6078345947,802593.1605998299,13119.155990658366,72084.28574783952,0.0,13119.340006106791,72084.28574783952,0.0,644006.6438720648,636136.0695363646,619.2820186799282,43.43708525479937,5754.0,1.8189894035458565e-12,731.916447894076,0.0,41477.87715425772,2149.363872636873,90695.15497274535,29109.209300113842,0.0,0.0,0.0,0.0,115710.95583760677,0.0,423855.6001972963,551004.5516076513,1090571.1076425544,1212.210013536833,872456.8861140435,0.0,0.0,0.0,358.13530170348656,133363.02496972596,0.0,6224742.803764781,-4837.000905637734,0.0,15070.575851691312,76.70453564900717,133363.02496972596,0.0,0.0,0.0,0.0,0.0,0.0,0.0,0.0,2.5362459969629176,0.0,2445863.4123438755,0.0,15072.34978994686,1805405.7401620387,0.0,0.0,0.0,144973.87080338874,0.0,0.0,0.0,0.0,0.0,0.0,107012.89366982951,105705.06099058453,0.004611356358114396,133364.79890798155,291073.9238237665,206909.58528718798,2179.975716749168,11978.056561061772,0.004611356358114396,0.004611356358114396,0.0,0.0,0.0,0.0,0.0
24,0.0,0.0,0.0,798168.2813214137,0.0,0.0,0.0,0.0,1747653.217045906,1242310.884624765,798168.2813214137,798168.2813214137,798168.2813214137,798168.2813214144,798168.2813214137,743495.471812609,343838.5010943082,37214.59299049144,760953.6883309222,674621.6990628354,0.0,2965003.316311722,674621.6990628354,634084.8127633862,634084.8127633862,454329.7802271055,0.0,4326.0,622661.0666614582,10815.832345918412,2232.483521168699,0.0,2232.483521168699,11255.834058979162,0.009839015785820943,795935.797800245,90495.06519078188,326983.919044471,454329.7802271055,7.793149502842009,0.0,123720.7100591716,2111219.283444938,1443046.7029637713,795935.797800245,0.0,0.0,0.0,644857.7696979002,0.0,0.0,0.0,0.0,0.0,88241.9297251559,2019052.2360441522,0.0,2053190.1274413513,0.0,707693.8680750891,661988.5293986957,45705.33867639338,0.0,0.0,0.0,0.0,0.0,0.0,88241.9297251559,0.0,88241.9297251559,0.0,0.0,0.0,644857.7696979002,-28949.108648963214,-28949.108648963214,0.0,798168.2813214137,0.0,752462.9426450203,798188.933265871,14470.441204711928,79510.10086532941,0.0,14470.838357489953,79510.10086532941,0.0,644857.7696979002,636480.1446386506,615.8837106354626,42.943895824964066,5761.0,-2.2737367544323206e-12,731.916447894076,0.0,45705.33867639338,2147.830476087167,90474.41324632459,28949.108648963214,0.0,0.0,0.0,0.0,127629.29142555922,0.0,467519.3930881369,607758.530597901,1202907.2151115972,1337.068767315382,962325.7720892779,0.0,0.0,0.0,400.0,122239.19661971657,0.0,5854277.641930035,-4433.545991388688,0.0,13856.125141381577,71.36119872210293,122239.19661971657,0.0,0.0,0.0,0.0,0.0,0.0,0.0,0.0,2.3726172229653097,0.0,2288065.7728378186,0.0,13859.287979542612,1688927.950474165,0.0,0.0,0.0,147379.8596354794,0.0,0.0,0.0,0.0,0.0,0.0,98759.74471367247,97476.71432924218,0.004313849496300563,122242.35945787761,267652.4866007893,190259.48292138244,2216.143072822172,12176.944486994293,0.004313849496300563,0.004313849496300563,0.0,26360204.75619607,26360204.75619607,0.0,0.0
25,0.0,0.0,0.0,793778.3557741459,0.0,0.0,0.0,0.0,1743777.1598870812,1239260.243973514,793778.3557741459,793778.3557741459,793778.3557741459,793778.3557741462,793778.3557741457,739406.2467176393,339908.5681527109,37210.4511905822,756567.9045835638,675081.6916685059,0.0,2969393.24185899,675081.6916685059,634540.6635691472,634540.6635691472,453869.78762143507,0.0,4326.0,623073.4838853853,10822.584574795701,2278.58821056146,0.0,2278.58821056146,11256.661273796826,0.009839738875696528,791499.7675635845,90465.66453188479,331394.49653619586,453869.78762143507,8.073468958587286,0.0,123720.7100591716,2099452.0789329736,1438994.1153860237,791499.7675635845,0.0,0.0,0.0,645206.2134955423,0.0,0.0,0.0,0.0,0.0,88177.53020498804,1993091.9861076004,0.0,2028457.8168806923,0.0,703322.2373585964,658419.1995867412,44903.037771855204,0.0,0.0,0.0,0.0,0.0,0.0,88177.53020498804,0.0,88177.53020498804,0.0,0.0,0.0,645206.2134955423,-28789.888551393924,-28789.888551393924,0.0,793778.3557741459,0.0,748875.3180022908,793787.9018904812,14258.859824872254,78346.38234295108,0.0,14259.041586417097,78346.38234295111,0.0,645206.2134955423,636695.4340669577,612.4878685971527,42.73914610217388,5768.0,1.5916157281026244e-12,731.916447894076,0.0,44903.037771855204,2141.050021659984,90456.11841554951,28789.888551393924,0.0,0.0,0.0,0.0,125763.14365537328,0.0,460676.72817655245,598872.1126446347,1185311.9844765603,1317.5186478181963,948249.5875812484,0.0,0.0,0.0,396.0,112043.20833023792,0.0,5505704.997111366,-4063.743307314333,0.0,12768.039902642291,66.39008554015516,112043.20833023792,0.0,0.0,0.0,0.0,0.0,0.0,0.0,0.0,2.219545144064322,0.0,2140448.6262031207,0.0,12769.38735372044,1579964.8568951867,0.0,0.0,0.0,133847.09386137244,0.0,0.0,0.0,0.0,0.0,0.0,91071.98964141823,89870.67818509914,0.004035536625571495,112044.55578131607,246137.20717566396,174923.7588564498,2012.663094538181,11058.72939834782,0.004035536625571495,0.004035536625571495,0.0,0.0,0.0,0.0,0.0
26,0.0,0.0,0.0,789412.5748173882,0.0,0.0,0.0,0.0,1739904.7552617686,1236210.5132012656,789412.5748173882,789412.5748173882,789412.5748173882,789412.5748173881,789412.574817388,735339.5123606923,336004.01083471614,37206.33217057246,752206.2426468157,675542.915307269,0.0,2973759.022815748,675542.915307269,634997.7681879007,634997.7681879007,453408.56398267206,0.0,4326.0,623490.5548658462,10829.413440570333,2341.755998600829,0.0,2341.755998600829,11257.691992750213,0.009840639853802634,787070.8188187875,90471.0398091815,335769.82360928896,453408.56398267206,8.278034200946339,0.0,123720.7100591716,2087788.5295595974,1434991.378879164,787070.8188187875,0.0,0.0,0.0,645569.346647372,0.0,0.0,0.0,0.0,0.0,88119.82639617682,1967687.509600901,0.0,2003949.4384181467,0.0,698950.9924226105,654841.7350786026,44109.2573440079,0.0,0.0,0.0,0.0,0.0,0.0,88119.82639617682,0.0,88119.82639617682,0.0,0.0,0.0,645569.346647372,-28631.544164361258,-28631.544164361258,0.0,789412.5748173882,0.0,745303.3174733804,789422.032231792,14050.34418709667,77200.67294959896,0.0,14050.52247682701,77200.67294959896,0.0,645569.346647372,636909.6311532486,609.1191573892152,42.53528806491156,5772.0,-9.094947017729282e-13,731.916447894076,0.0,44109.2573440079,2134.0775349704804,90461.58239477765,28631.544164361258,0.0,0.0,0.0,0.0,123924.03573019264,0.0,453939.9569436419,590114.4558580602,1167978.4485318945,1298.2518028877323,934382.7588255159,0.0,0.0,0.0,392.04,102697.66883356831,0.0,5177742.026995916,-3724.7859162434142,0.0,11768.48954184508,61.765266516801454,102697.66883356831,0.0,0.0,0.0,0.0,0.0,0.0,0.0,0.0,2.076348683156946,0.0,2002355.1664480802,0.0,11769.719892669797,1478031.6403213034,0.0,0.0,0.0,121557.38860868358,0.0,0.0,0.0,0.0,0.0,0.0,83984.55900760315,82857.98385238202,0.0037751794239217202,102698.89918439303,226350.79305540345,160823.30322985715,1827.8624389254185,10043.32765555522,0.0037751794239217202,0.0037751794239217202,0.0,0.0,0.0,0.0,0.0
27,0.0,0.0,0.0,785070.8056558927,0.0,0.0,0.0,0.0,1736017.71591088,1233143.0767233698,785070.8056558927,785070.8056558927,785070.8056558927,785070.8056558934,785070.8056558913,731295.1450427084,332124.93720627204,37202.23580517277,747868.5698507199,676005.6108403204,0.0,2978100.791977243,676005.6108403204,635456.3673555523,635456.3673555523,452945.86844962055,0.0,4326.0,623910.9531544907,10836.297140300363,2481.6264962554,0.0,2481.6264962554,11258.710532384248,0.009841530185650564,782589.1791596373,90522.89579027865,340121.0501851883,452945.86844962055,8.548920589475854,0.0,123720.7100591716,2076149.0724877024,1430998.502775642,782589.1791596373,0.0,0.0,0.0,645918.349956299,0.0,0.0,0.0,0.0,0.0,88031.92213057277,1941989.5127631428,0.0,1979438.059405342,0.0,694557.2570290646,651253.2389381445,43304.01809091993,0.0,0.0,0.0,0.0,0.0,0.0,88031.92213057277,0.0,88031.92213057277,0.0,0.0,0.0,645918.349956299,-28474.070671457273,-28474.070671457273,0.0,785070.8056558927,0.0,741766.7875649728,785080.1528193431,13845.221847509623,76073.60612164588,0.0,13845.396314139549,76073.60612164586,0.0,645918.349956299,637122.2187731013,605.7689570892318,42.33345437535514,5780.0,1.3642420526593924e-12,731.916447894076,0.0,43304.01809091993,2126.224715687846,90513.54862682814,28474.070671457273,0.0,0.0,0.0,0.0,122114.85669503488,0.0,447312.80399527773,581499.3175954042,1150926.9782857166,1279.2984987098891,920741.5826285734,0.0,0.0,0.0,388.1196,94131.64207832601,0.0,4869180.29341103,-3414.10100802219,0.0,10852.765000554946,57.46261835412298,94131.64207832601,0.0,0.0,0.0,0.0,0.0,0.0,0.0,0.0,1.9423907035984338,0.0,1873170.9621611077,0.0,10853.88574512732,1382674.7603005741,0.0,0.0,0.0,110398.85380811544,0.0,0.0,0.0,0.0,0.0,0.0,77446.96974066226,76392.29509699237,0.0035316194610880616,94132.76282289838,208152.17824745184,147856.45051787654,1660.071242053087,9121.385499831025,0.0035316194610880616,0.0035316194610880616,0.0,0.0,0.0,506286982.2485207,0.0
28,0.0,0.0,0.0,780752.9162247853,0.0,0.0,0.0,0.0,1732096.9022705953,1230162.3093312187,780752.9162247853,780752.9162247853,780752.9162247853,780752.9162247848,780752.9162247854,727273.0217449736,328270.6689862002,37198.12689088016,743554.7893339051,676469.2320513559,0.0,2982418.681408351,676469.2320513559,635915.8796522953,635915.8796522953,452482.247238585,0.0,4326.0,624333.7220809876,10843.219948897187,2545.36267212925,0.0,2545.36267212925,11259.898664702221,0.009842568762851592,778207.553552656,90497.46966043385,344448.2867797462,452482.247238585,8.891241317760395,0.0,123720.7100591716,2064832.0528410345,1427069.5585664762,778207.553552656,0.0,0.0,0.0,646307.4189710179,0.0,0.0,0.0,0.0,0.0,87942.8836176317,1916863.1314330802,0.0,1955811.2140255296,0.0,690264.6699350242,647746.0638431299,42518.606091894515,0.0,0.0,0.0,0.0,0.0,0.0,87942.8836176317,0.0,87942.8836176317,0.0,0.0,0.0,646307.4189710179,-28317.463282764256,-28317.463282764256,0.0,780752.9162247853,0.0,738234.3101328908,780762.1395954582,13642.858878087298,74961.69961310926,0.0,13643.029329585885,74961.69961310926,0.0,646307.4189710179,637334.1058801753,602.4371719741238,42.13185196512332,5785.0,-3.069544618483633e-12,731.916447894076,0.0,42518.606091894515,2118.5584197491094,90488.24628976094,28317.463282764256,0.0,0.0,0.0,0.0,120330.01530472997,0.0,440774.79372508236,573000.0728796665,1134104.881909479,1260.6001603352663,907283.9055275831,0.0,0.0,0.0,384.238404,86280.10879898176,0.0,4578881.5014042305,-3129.3303709475276,0.0,9999.752255375291,53.45969821426077,86280.10879898176,0.0,0.0,0.0,0.0,0.0,0.0,0.0,0.0,1.8170751743340186,0.0,1752321.2226668424,0.0,10000.771519483838,1293469.937055376,0.0,0.0,0.0,100262.90322295426,0.0,0.0,0.0,0.0,0.0,0.0,71422.69118384407,70431.06065173047,0.00330377304424367,86281.1280630903,191412.04095773064,135943.82509990656,1507.6566784050633,8283.931400025089,0.00330377304424367,0.00330377304424367,0.0,0.0,0.0,0.0,0.0
29,0.0,0.0,0.0,776458.775185549,0.0,0.0,0.0,0.0,1728140.033399384,1227213.552372407,776458.775185549,776458.775185549,776458.775185549,776458.7751855482,776458.7751855487,723273.0201253758,324440.7705390466,37193.78275511049,739264.9924304385,676933.4746434386,0.0,2986712.8224475873,676933.4746434386,636375.7781086083,636375.7781086083,452018.0046465024,0.0,4326.0,624758.726420321,10829.269606207243,2580.084505027623,0.0,2580.084505027623,11261.09732937602,0.009843616546657358,773878.6906805214,90466.25266980517,348751.65118965536,452018.0046465024,9.242549623933353,0.0,0.0,2053513.6908019914,1423157.607013528,773878.6906805214,0.0,0.0,0.0,646689.6345518852,0.0,0.0,0.0,0.0,0.0,87876.97088868375,1891621.3413408166,0.0,1932108.3299684566,0.0,686001.7197918376,644263.0100713706,41738.70972046689,0.0,0.0,0.0,0.0,0.0,0.0,87876.97088868375,0.0,87876.97088868375,0.0,0.0,0.0,646689.6345518852,-28161.717234709053,-28161.717234709053,0.0,776458.775185549,0.0,734720.0654650821,776467.9724616428,13443.479467042494,73866.1964474675,0.0,13443.647753439085,73866.1964474675,0.0,646689.6345518851,637544.2574352284,599.1237865358642,41.93129011899795,5791.0,5.684341886080801e-13,731.916447894076,0.0,41738.70972046689,2110.680337325747,90457.05539371136,28161.717234709053,0.0,0.0,0.0,0.0,118571.4888993148,0.0,434333.2351111089,564626.1376157848,1117530.8616262088,1242.1775027547267,894024.6893009669,0.0,0.0,0.0,380.39601996,79083.47299593306,0.0,4305773.4784246925,-2868.3124920804757,0.0,9213.184686863378,49.735626656399596,79083.47299593306,0.0,0.0,0.0,0.0,0.0,0.0,0.0,0.0,1.6998445179253718,0.0,1639268.240559304,0.0,9214.121443016886,1210020.2636969641,0.0,0.0,0.0,91057.73498037264,0.0,0.0,0.0,0.0,0.0,0.0,65866.2943678013,64934.8242017646,0.0030906263962279484,79084.40975208656,176013.61467242337,124993.51276710589,1369.2382382428157,7523.381200334335,0.0030906263962279484,0.0030906263962279484,0.0,0.0,0.0,0.0,0.0
30,0.0,0.0,0.0,772188.2519220285,0.0,0.0,0.0,0.0,1724148.958132018,1224290.5624686421,772188.2519220285,772188.2519220285,772188.2519220285,772188.2519220283,772188.2519220293,719295.0185146872,320635.8189490165,37189.46251208756,734998.789409941,677399.046316929,0.0,2990983.3457111074,677399.046316929,636837.0295390758,636837.0295390758,451552.4329730119,0.0,4326.0,625185.0098560548,10836.251738014395,2684.7245740698186,0.0,2684.7245740698186,11262.230632712573,0.009844607196427074,769503.5273479586,90504.10696806436,353031.3717292697,451552.4329730119,9.616967427249348,0.0,0.0,2042125.2922445103,1419183.9375232516,769503.5273479586,0.0,0.0,0.0,646986.4736223866,0.0,0.0,0.0,0.0,0.0,87810.1704151581,1866000.5482253802,0.0,1908127.674040446,0.0,681693.3569328005,640674.7746805159,41018.58225228474,0.0,0.0,0.0,0.0,0.0,0.0,87810.1704151581,0.0,87810.1704151581,0.0,0.0,0.0,646986.4736223866,-28006.82778991816,-28006.82778991816,0.0,772188.2519220285,0.0,731169.6696697437,772197.4639008649,13246.055836053352,72781.44353080563,0.0,13246.222722606624,72781.44353080563,0.0,646986.4736223866,637755.0149948656,595.828656086046,41.72866508787488,5797.0,-3.410605131648481e-12,731.916447894076,0.0,41018.58225228474,2105.165843717504,90494.89498922792,28006.82778991816,0.0,0.0,0.0,0.0,116830.21247399057,0.0,427954.88796113705,556334.3451142408,1101119.4455493684,1223.9355592513298,880895.5564394948,0.0,0.0,0.0,376.5920597604,72487.10958014325,0.0,4048846.3803607076,-2629.0661505751464,0.0,8494.966548895496,46.27097872851266,72487.10958014325,0.0,0.0,0.0,0.0,0.0,0.0,0.0,0.0,1.5901771296721219,0.0,1533508.9992328973,0.0,8495.831298802925,1131954.4402326439,0.0,0.0,0.0,82691.71742687756,0.0,0.0,0.0,0.0,0.0,0.0,60734.12706500477,59867.54854422039,0.0028912311448584037,72487.97433005068,161849.8781217214,114927.00638569247,1243.4381104643485,6832.163607108632,0.0028912311448584037,0.0028912311448584037,0.0,0.0,0.0,0.0,0.0
